Picture,File Path,Date,Subject,Place,Lat,Long,Lat ,Long,All geo data from,https://www.latlong.net/
Image 3,640Pics\9-26-21,9-26-21,Topiary,44th & Quintara,(37.747721,-122.502868,37.747721,-122.502868,,
Image 4,640Pics\9-26-21,9-26-21,Gus's Truck,44th & Noriega,(37.752794,-122.50322,37.752794,-122.50322,,
Image 5,640Pics\9-26-21,9-26-21,Toyose Sign,Toyose,(37.753045,-122.504739,37.753045,-122.504739,,
Image 6,640Pics\9-26-21,9-26-21,East up Noriega,Noriega,(37.753002,-122.504368,37.753002,-122.504368,,
Image 1,640Pics\9-28-21,9-28-21,Elderly Asian Streetwear,48th & Rivera,(37.745448,-122.506616,37.745448,-122.506616,,
Image 2,640Pics\9-28-21,9-28-21,Seagull,Sloat & GH,(37.735364,-122.508118,37.735364,-122.508118,,
Image 3,640Pics\9-28-21,9-28-21,Seagull,Sloat & GH,(37.735364,-122.508118,37.735364,-122.508118,,
Image 4,640Pics\9-28-21,9-28-21,A road about to be torn down,Sloat & GH,(37.735029,-122.506937,37.735029,-122.506937,,
Image 5,640Pics\9-28-21,9-28-21,Vespa Sticker,LGH & Cutler,(37.736892,-122.50625,37.736892,-122.50625,,
Image 6,640Pics\9-28-21,9-28-21,But Muh Free Parking!,Taraval & 43rd,(37.741969,-122.501585,37.741969,-122.501585,,
Image 1,640Pics\10-2-21,10-2-21,Eel,6th Avenue Aquarium,(37.782936,-122.463909,37.782936,-122.463909,,
Image 2,640Pics\10-2-21,10-2-21,Eel,6th Ave Aquarium,(37.782936,-122.463909,37.782936,-122.463909,,
Image 3,640Pics\10-2-21,10-2-21,Toy Boat Neon Sign,Toy Boat Cafe,(37.782958,-122.463549,37.782958,-122.463549,,
Image 4,640Pics\10-2-21,10-2-21,Toy Boat Neon Sign,Toy Boat Cafe,(37.782958,-122.463549,37.782958,-122.463549,,
Image 5,640Pics\10-2-21,10-2-21,Sutro Tower,California & Commonwealth,(37.786014,-122.45588,37.786014,-122.45588,,
Image 6,640Pics\10-2-21,10-2-21,Giant Camera In Fog,Cliff House,(37.777946,-122.513388,37.777946,-122.513388,,
Image 7,640Pics\10-2-21,10-2-21,Sutro Baths ruins in fog,Sutro Baths,(37.780727,-122.514118,37.780727,-122.514118,,
Image 8,640Pics\10-2-21,10-2-21,Sutro Baths cave,Sutro Baths,(37.780922,-122.514088,37.780922,-122.514088,,
Image 9,640Pics\10-2-21,10-2-21,Sutro Baths cave,Sutro Baths,(37.780922,-122.514088,37.780922,-122.514088,,
Image 10,640Pics\10-2-21,10-2-21,Sutro Baths cave,Sutro Baths,(37.780922,-122.514088,37.780922,-122.514088,,
Image 11,640Pics\10-2-21,10-2-21,Sutro heights overlooking richmond in fog,Sutro Heights,(37.777401,-122.511904,37.777401,-122.511904,,
Image 12,640Pics\10-2-21,10-2-21,64-66 Plymouth Barracuda,47th & Cabrillo,(37.773296,-122.507867,37.773296,-122.507867,,
Image 13,640Pics\10-2-21,10-2-21,64-66 Plymouth Barracuda,47th & Cabrillo,(37.773296,-122.507867,37.773296,-122.507867,,
Image 14,640Pics\10-2-21,10-2-21,Car,48th & Pachero,(37.749172,-122.507136,37.749172,-122.507136,,
Image 4,640Pics\10-3-21,10-3-21,Bay Bridge,Bay Bridge,(37.801627,-122.374091,37.801627,-122.374091,,
Image 6,640Pics\10-3-21,10-3-21,Salesforce Tower,Bay Bridge,(37.789564,-122.386939,37.789564,-122.386939,,
Image 7,640Pics\10-3-21,10-3-21,Salesforce Tower,Bay Bridge,(37.787614,-122.389194,37.787614,-122.389194,,
Image 1,640Pics\10-17-21,10-17-21,Lucca Sign,Valencia & 22nd,(37.755297,-122.42099,37.755297,-122.42099,,
Image 2,640Pics\10-17-21,10-17-21,Lucca Sign,Valencia & 22nd,(37.755242,-122.421071,37.755242,-122.421071,,
Image 3,640Pics\10-17-21,10-17-21,Chopper bike,City College Mission Campus,(37.754805,-122.420877,37.754805,-122.420877,,
Image 4,640Pics\10-17-21,10-17-21,Parade,Valencia & 19th,(37.759937,-122.421393,37.759937,-122.421393,,
Image 5,640Pics\10-17-21,10-17-21,Parade,Valencia & 19th,(37.759937,-122.421393,37.759937,-122.421393,,
Image 6,640Pics\10-17-21,10-17-21,Mural,Clarion Alley,(37.762939,-122.421208,37.762939,-122.421208,,
Image 7,640Pics\10-17-21,10-17-21,Mural,Clarion Alley,(37.762939,-122.421208,37.762939,-122.421208,,
Image 8,640Pics\10-17-21,10-17-21,Mural,Clarion Alley,(37.762939,-122.421208,37.762939,-122.421208,,
Image 9,640Pics\10-17-21,10-17-21,Mural,Clarion Alley,(37.762939,-122.421208,37.762939,-122.421208,,
Image 10,640Pics\10-17-21,10-17-21,Mural,Clarion Alley,(37.762939,-122.421208,37.762939,-122.421208,,
Image 11,640Pics\10-17-21,10-17-21,Senior Sisig sign,Senior Sisig @ Valencia,(37.757125,-122.421181,37.757125,-122.421181,,
Image 2,640Pics\11-12-21,11-12-21,Bison,Bison Paddock,(37.769716,-122.500196,37.769716,-122.500196,,
Image 3,640Pics\11-12-21,11-12-21,Bison,Bison Paddock,(37.769716,-122.500196,37.769716,-122.500196,,
Image 4,640Pics\11-12-21,11-12-21,Moon Bridge,Japanese Tea Garden,(37.770195,-122.469873,37.770195,-122.469873,,
Image 5,640Pics\11-12-21,11-12-21,Pagoda,Japanese Tea Garden,(37.770250,-122.470367,37.77025,-122.470367,,
Image 6,640Pics\11-12-21,11-12-21,Pagoda,Japanese Tea Garden,(37.770250,-122.470367,37.77025,-122.470367,,
Image 7,640Pics\11-12-21,11-12-21,Surfers,Noriega & Upper Great Highway,(37.752910,-122.509113,37.75291,-122.509113,,
Image 8,640Pics\11-12-21,11-12-21,41th Avenue,41th Avenue & Rivera,(37.745631,-122.499408,37.745631,-122.499408,,
Image 1,640Pics\11-19-21,11-19-21,View above Ina Coolbrith Park,Russian Hill Park,(37.797884,-122.414384,37.797884,-122.414384,,
Image 2,640Pics\11-19-21,11-19-21,View above Ina Coolbrith Park,Russian Hill Park,(37.797884,-122.414384,37.797884,-122.414384,,
Image 3,640Pics\11-19-21,11-19-21,Financial District at night,Ina Coolbrith Park,(37.798329,-122.413671,37.798329,-122.413671,,
Image 4,640Pics\11-19-21,11-19-21,Financial District at night,Ina Coolbrith Park,(37.798329,-122.413671,37.798329,-122.413671,,
Image 5,640Pics\11-19-21,11-19-21,Financial District at night,Ina Coolbrith Park,(37.798329,-122.413671,37.798329,-122.413671,,
Image 6,640Pics\11-19-21,11-19-21,Bay Bridge at night,Ina Coolbrith Park,(37.798329,-122.413671,37.798329,-122.413671,,
Image 7,640Pics\11-19-21,11-19-21,Financial District at night,Ina Coolbrith Park,(37.798329,-122.413671,37.798329,-122.413671,,
Image 8,640Pics\11-19-21,11-19-21,Bob's Donuts,Bob's Donuts,(37.791886,-122.421028,37.791886,-122.421028,,
Image 9,640Pics\11-19-21,11-19-21,Bob's Donuts,Bob's Donuts,(37.791886,-122.421028,37.791886,-122.421028,,
Image 10,640Pics\11-19-21,11-19-21,Bob's Donuts Sign,Bob's Donuts,(37.791886,-122.421028,37.791886,-122.421028,,
Image 1,640Pics\11-27-21,11-27-21,Red's Java House,Embarcadero,(37.787184,-122.387446,37.787184,-122.387446,,
Image 2,640Pics\11-27-21,11-27-21,Red's Java House,Embarcadero,(37.787184,-122.387446,37.787184,-122.387446,,
Image 3,640Pics\11-27-21,11-27-21,Red's Java House,Embarcadero,(37.787184,-122.387446,37.787184,-122.387446,,
Image 4,640Pics\11-27-21,11-27-21,Cupid's Span & Bay Bridge,Embarcadero,(37.791555,-122.390275,37.791555,-122.390275,,
Image 5,640Pics\11-27-21,11-27-21,Cupid's Span & Bay Bridge,Embarcadero,(37.791555,-122.390275,37.791555,-122.390275,,
Image 6,640Pics\11-27-21,11-27-21,Back of Ferry Building,Ferry Building,(37.795366,-122.392124,37.795366,-122.392124,,
Image 7,640Pics\11-27-21,11-27-21,Buckyball,Exploratorium,(37.801194,-122.398856,37.801194,-122.398856,,
Image 8,640Pics\11-27-21,11-27-21,Musee Mechanique entrance,Pier 45,(37.809150,-122.415778,37.80915,-122.415778,,
Image 9,640Pics\11-27-21,11-27-21,Robotron 2084,Musee Mechanque,(37.809307,-122.41595,37.809307,-122.41595,,
Image 10,640Pics\11-27-21,11-27-21,Robotron 2084,Musee Mechanque,(37.809307,-122.41595,37.809307,-122.41595,,
Image 11,640Pics\11-27-21,11-27-21,The Room poster,Spy Shop @ Beach Street,(37.806989,-122.417904,37.806989,-122.417904,,
Image 12,640Pics\11-27-21,11-27-21,1072 Streetcar,Jones & Beach Street,(37.807192,-122.417313,37.807192,-122.417313,,
Image 13,640Pics\11-27-21,11-27-21,1072 Streetcar,Jones & Beach Street,(37.807192,-122.417313,37.807192,-122.417313,,
Image 14,640Pics\11-27-21,11-27-21,Ferry Building,Ferry Building plaza,(37.794718,-122.39484,37.794718,-122.39484,,
Image 15,640Pics\11-27-21,11-27-21,California cable car turnaround,California & Market,(37.793717,-122.396005,37.793717,-122.396005,,
Image 16,640Pics\11-27-21,11-27-21,California cable car turnaround,California & Market,(37.793717,-122.396005),37.793717,-122.396,,
Image 1,640Pics\11-28-21,11-28-21,Batman house,46th between Santiago & Taraval,(37.742623,-122.504677),37.742623,-122.50467,,
Image 2,640Pics\11-28-22,11-28-21,colorful house,46th between Santiago & Taraval,(37.742389,-122.504695),37.742389,-122.50469,,
Image 3,640Pics\11-28-23,11-28-21,Coffee trailer,UGH @ Taraval,(37.741193,-122.507417),37.741193,-122.50741,,
Image 4,640Pics\11-28-24,11-28-21,Coffee trailer,UGH @ Taraval,(37.741057,-122.507573),37.741057,-122.50757,,
Image 5,640Pics\11-28-25,11-28-21,UGH @ Taraval,UGH @ Taraval,(37.741057,-122.507573),37.741057,-122.50757,,
Image 6,640Pics\11-28-26,11-28-21,Fishing,Ocean Beach,(37.741270,-122.508727),37.74127,-122.50872,,
Image 7,640Pics\11-28-27,11-28-21,Fishing,Ocean Beach,(37.741270,-122.508727),37.74127,-122.50872,,
Image 8,640Pics\11-28-28,11-28-21,UGH @ Rivera,Ocean Beach,(37.745257,-122.508166),37.745257,-122.50816,,
Image 1,640Pics\12-5-21,12-5-21,Dirt biker,3rd Street Dogpatch,(37.756150,-122.388069),37.75615,-122.38806,,
Image 2,640Pics\12-5-21,12-5-21,Dirt biker,3rd Street Dogpatch,(37.756150,-122.388069),37.75615,-122.38806,,
Image 3,640Pics\12-5-21,12-5-21,Dirt biker wheely,3rd Street Dogpatch,(37.757563,-122.388248),37.757563,-122.38824,,
Image 4,640Pics\12-5-21,12-5-21,Bay docks,SF Boatworks,(37.764714,-122.386540),37.764714,-122.38654,,
Image 5,640Pics\12-5-21,12-5-21,Drew & Helen,Mission Rock,(37.764960,-122.386605),37.76496,-122.3866,,
Image 6,640Pics\12-5-21,12-5-21,Oysters,Mission Rock,(37.764960,-122.386605),37.76496,-122.3866,,
Image 7,640Pics\12-5-21,12-5-21,Oysters,Mission Rock,(37.764960,-122.386605),37.76496,-122.3866,,
Image 8,640Pics\12-5-21,12-5-21,Cranes,Mission Rock,(37.765460,-122.386508),37.76546,-122.3865,,
Image 9,640Pics\12-5-21,12-5-21,Sunset,Mission Rock,(37.765460,-122.386508),37.76546,-122.3865,,
Image 10,640Pics\12-5-21,12-5-21,Art,Gray Area / Grand Theater,(37.754389,-122.418448),37.754389,-122.41844,,
Image 11,640Pics\12-5-21,12-5-21,Art,Gray Area / Grand Theater,(37.754389,-122.418448),37.754389,-122.41844,,
Image 12,640Pics\12-5-21,12-5-21,Art,Gray Area / Grand Theater,(37.754389,-122.418448),37.754389,-122.41844,,
Image 13,640Pics\12-5-21,12-5-21,Art,Gray Area / Grand Theater,(37.754389,-122.418448),37.754389,-122.41844,,
Image 14,640Pics\12-5-21,12-5-21,Art,Gray Area / Grand Theater,(37.754389,-122.418448),37.754389,-122.41844,,
Image 15,640Pics\12-5-21,12-5-21,Art,Gray Area / Grand Theater,(37.754389,-122.418448),37.754389,-122.41844,,
Image 1,640Pics\1-7-22,1-7-22,Crab Guy on Boat,Al Scoma Way,(37.808921,-122.419352),37.808921,-122.41935,,
Image 2,640Pics\1-7-22,1-7-22,Crab Guy on Boat,Al Scoma Way,(37.808921,-122.419352),37.808921,-122.41935,,
Image 3,640Pics\1-7-22,1-7-22,Rat Erotica,Cartoon Art Museum,(37.806196,-122.421698),37.806196,-122.42169,,
Image 4,640Pics\1-7-22,1-7-22,Rat Erotica,Cartoon Art Museum,(37.806196,-122.421698),37.806196,-122.42169,,
Image 5,640Pics\1-7-22,1-7-22,Greetings from San Francisco Mural,Umbrella Alley,(37.806255,-122.421150),37.806255,-122.42115,,
Image 6,640Pics\1-7-22,1-7-22,Greetings from San Francisco Mural,Umbrella Alley,(37.806255,-122.421150),37.806255,-122.42115,,
Image 7,640Pics\1-7-22,1-7-22,Buena Vista Sign,Hyde & Beach,(37.806565,-122.420700),37.806565,-122.4207,,
Image 8,640Pics\1-7-22,1-7-22,Bottom of Lombard,Lombard & Levenworth,(37.802203,-122.417946),37.802203,-122.41794,,
Image 9,640Pics\1-7-22,1-7-22,"Top of Lombard, looking East",Lombard & Levenworth,(37.802203,-122.417946),37.802203,-122.41794,,
Image 10,640Pics\1-7-22,1-7-22,Bottom of Lombard,Lombard & Levenworth,(37.802203,-122.417946),37.802203,-122.41794,,
Image 11,640Pics\1-7-22,1-7-22,Ricky Rats,Jack Kerouac Alley,(37.797486,-122.406757),37.797486,-122.40675,,
Image 12,640Pics\1-7-22,1-7-22,Cafe Vesuvio Mural,Jack Kerouac Alley,(37.797541,-122.406478),37.797541,-122.40647,,
Image 13,640Pics\1-7-22,1-7-22,Sentinel Building & Transamerica Pyramid,Columbus Ave,(37.796896,-122.405366),37.796896,-122.40536,,
Image 14,640Pics\1-7-22,1-7-22,Transamerica Pyramid,Transamerica Redwood Park,(37.795442,-122.402349),37.795442,-122.40234,,
Image 15,640Pics\1-7-22,1-7-22,Transamerica Pyramid,Transamerica Redwood Park,(37.794908,-122.402124),37.794908,-122.40212,,
Image 16,640Pics\1-7-22,1-7-22,Tadich Grill,Tadich Grill,(37.793310,-122.399418),37.79331,-122.39941,,
Image 1,640Pics\1-8-22,1-8-22,Crow,UGH & Pachero,(37.749045,-122.508620),37.749045,-122.50862,,
Image 2,640Pics\1-8-22,1-8-22,First Stop Last Stop,LGH & Judah,(37.760280,-122.509104),37.76028,-122.5091,,
Image 3,640Pics\1-8-22,1-8-22,Sick Chevy Nova,Judah & 47th,(37.760127,-122.507016),37.760127,-122.50701,,
Image 4,640Pics\1-8-22,1-8-22,Victorian,Clayton & Frederick,(37.768055,-122.448289),37.768055,-122.44828,,
Image 5,640Pics\1-8-22,1-8-22,Pinball Machines,Free Gold Watch,(37.768160,-122.452683),37.76816,-122.45268,,
Image 6,640Pics\1-8-22,1-8-22,Pinball Machines,Free Gold Watch,(37.768160,-122.452683),37.76816,-122.45268,,
Image 7,640Pics\1-8-22,1-8-22,Pinball Machines,Free Gold Watch,(37.768160,-122.452683),37.76816,-122.45268,,
Image 8,640Pics\1-8-22,1-8-22,Entwined,JFK Drive,(37.771202,-122.457754),37.771202,-122.45775,,
Image 9,640Pics\1-8-22,1-8-22,Conservatory of Flowers,JFK Drive,(37.771490,-122.460030),37.77149,-122.46003,,
Image 10,640Pics\1-8-22,1-8-22,Musician in tunnel,Conservatory of Flowers,(37.771337,-122.460073),37.771337,-122.46007,,
Image 11,640Pics\1-8-22,1-8-22,Musician in tunnel,Conservatory of Flowers,(37.771337,-122.460073),37.771337,-122.46007,,
Image 12,640Pics\1-8-22,1-8-22,Roller Skaters,6th Avenue Skate Park,(37.772574,-122.464001),37.772574,-122.464,,
Image 13,640Pics\1-8-22,1-8-22,Roller Skaters,6th Avenue Skate Park,(37.772574,-122.464001),37.772574,-122.464,,
Image 14,640Pics\1-8-22,1-8-22,Hamon Tower,Music Concourse,(37.771586,-122.467372),37.771586,-122.46737,,
Image 15,640Pics\1-8-22,1-8-22,Pin Shop / Oriential Art Gallery,1340 9th Ave,(37.763151,-122.466232),37.763151,-122.46623,,
Image 16,640Pics\1-8-22,1-8-22,Pin Shop / Oriential Art Gallery,1340 9th Ave,(37.763151,-122.466232),37.763151,-122.46623,,
Image 1,640Pics\1-22-22,1-22-22,Coit Tower,Coit Tower,(37.802106,-122.405678),37.802106,-122.40567,,
Image 2,640Pics\1-22-22,1-22-22,Coit Tower,Coit Tower,(37.802280,-122.405678),37.80228,-122.40567,,
Image 3,640Pics\1-22-22,1-22-22,Yerba Buena Island & Bay Bridge,Telegraph Hill,(37.802877,-122.405791),37.802877,-122.40579,,
Image 4,640Pics\1-22-22,1-22-22,Mural,Coit Tower,(37.802428,-122.405812),37.802428,-122.40581,,
Image 5,640Pics\1-22-22,1-22-22,Mural (with flash),Coit Tower,(37.802428,-122.405812),37.802428,-122.40581,,
Image 6,640Pics\1-22-22,1-22-22,Alcatraz,Telegraph Hill,(37.803000,-122.406081),37.803,-122.40608,,
Image 7,640Pics\1-22-22,1-22-22,Macchiarini Sign,1540 Grant Ave,(37.801284,-122.407723),37.801284,-122.40772,,
Image 8,640Pics\1-22-22,1-22-22,Bagles,Dago Bagle,(37.798528,-122.409482),37.798528,-122.40948,,
Image 9,640Pics\1-22-22,1-22-22,Fish,Aqua Forest Aquarium,(37.785531,-122.432924),37.785531,-122.43292,,
Image 10,640Pics\1-22-22,1-22-22,Fish,Aqua Forest Aquarium,(37.785531,-122.432924),37.785531,-122.43292,,
Image 11,640Pics\1-22-22,1-22-22,Fish,Aqua Forest Aquarium,(37.785531,-122.432924),37.785531,-122.43292,,
Image 1,640Pics\2-11-22,2-11-22,Lincoln Highway Terminus,Legion of Honor Drive,(37.784967,-122.499513),37.784967,-122.49951,,
Image 2,640Pics\2-11-22,2-11-22,Thinker,Legion of Honor,(37.784666,-122.500409),37.784666,-122.5004,,
Image 3,640Pics\2-11-22,2-11-22,Legion of Honor,Legion of Honor,(37.784666,-122.500823),37.784666,-122.50082,,
Image 4,640Pics\2-11-22,2-11-22,Grafitti,Fort Miley,(37.782758,-122.508774),37.782758,-122.50877,,
Image 5,640Pics\2-11-22,2-11-22,Grafitti,Fort Miley,(37.782582,-122.508691),37.782582,-122.50869,,
Image 6,640Pics\2-11-22,2-11-22,Bench overlooking golden gate,Fort Miley,(37.782913,-122.509089),37.782913,-122.50908,,
Image 7,640Pics\2-11-22,2-11-22,Octagonal Building,Fort Miley,(37.782574,-122.509980),37.782574,-122.50998,,
Image 8,640Pics\2-11-22,2-11-22,Mountain Biker,Fort Miley,(37.782529,-122.509928),37.782529,-122.50992,,
Image 9,640Pics\2-11-22,2-11-22,Interior of Camera Obscura,Cliff House,(37.778243,-122.514222),37.778243,-122.51422,,
Image 10,640Pics\2-11-22,2-11-22,Interior of Camera Obscura,Cliff House,(37.778243,-122.514222),37.778243,-122.51422,,
Image 11,640Pics\2-11-22,2-11-22,Interior of Camera Obscura,Cliff House,(37.778243,-122.514222),37.778243,-122.51422,,
Image 12,640Pics\2-11-22,2-11-22,Giant Camera,Cliff House,(37.778247,-122.514136),37.778247,-122.51413,,
Image 13,640Pics\2-11-22,2-11-22,Woman feeding birds,Esplande,(37.768937,-122.511123),37.768937,-122.51112,,
Image 1,640Pics\2-13-22,2-13-22,Shen Yun ad,Vallejo & Columbus,(37.798723,-122.407631),37.798723,-122.40763,,
Image 2,640Pics\2-13-22,2-13-22,Down Kerney Street,Vallejo & Kerney,(37.798982,-122.405640),37.798982,-122.40564,,
Image 3,640Pics\2-13-22,2-13-22,Farnsworth's Lab,Green & Samsome,(37.800359,-122.402719),37.800359,-122.40271,,
Image 4,640Pics\2-13-22,2-13-22,Shop Dog,Al's Attire,(37.798935,-122.407131),37.798935,-122.40713,,
Image 5,640Pics\2-13-22,2-13-22,Giant fortune cookies,Golden Gate Fortune Cookie Factory,(37.795582,-122.407276),37.795582,-122.40727,,
Image 6,640Pics\2-13-22,2-13-22,Gathering of people,Golden Gate Fortune Cookie Factory,(37.795582,-122.407276),37.795582,-122.40727,,
Image 7,640Pics\2-13-22,2-13-22,Empty Chinatown Street (the superbowl was on),Grant Ave,(37.793963,-122.406240),37.793963,-122.40624,,
Image 8,640Pics\2-13-22,2-13-22,Ferry Building interior,Ferry Building,(37.795489,-122.393352),37.795489,-122.39335,,
Image 9,640Pics\2-13-22,2-13-22,Couple & Bridge,Ferry Building,(37.796015,-122.393610),37.796015,-122.39361,,
Image 10,640Pics\2-13-22,2-13-22,Streetcar,Embarcadero Plaza,(37.794323,-122.393610),37.794323,-122.39361,,
Image 1,640Pics\2-24-22,2-24-22,Fort Point & Bridge,Fort Point,(37.810006,-122.476470),37.810006,-122.47647,,
Image 2,640Pics\2-24-22,2-24-22,Hoppers Hands,Fort Point,(37.810786,-122.476548),37.810786,-122.47654,,
Image 3,640Pics\2-24-22,2-24-22,Fishing,Torpedo Wharf,(37.808024,-122.469852),37.808024,-122.46985,,
Image 4,640Pics\2-24-22,2-24-22,Snowy Plovers,Crissy Field Beach,(37.806702,-122.468435),37.806702,-122.46843,,
Image 5,640Pics\2-24-22,2-24-22,Pet Cemetery,Underneath 101,(37.802676,-122.467211),37.802676,-122.46721,,
Image 6,640Pics\2-24-22,2-24-22,Long Boi,Crissy Marsh,(37.804286,-122.454794),37.804286,-122.45479,,
Image 8,640Pics\2-24-22,2-24-22,Palace of Fine Arts,Palace of Fine Arts,(37.803676,-122.448266),37.803676,-122.44826,,
Image 9,640Pics\2-24-22,2-24-22,Palace of Fine Arts,Palace of Fine Arts,(37.802042,-122.447238),37.802042,-122.44723,,
Image 1,640Pics\3-4-22,03/04/22,Seagull,Pier 1,(37.796614,-122.394683),37.796614,-122.39468,,
Image 2,640Pics\3-4-22,03/04/22,Bay Bridge & Coast Guard Helicopter,Ferry Building,(37.796383,-122.393796),37.796383,-122.39379,,
Image 3,640Pics\3-4-22,03/04/22,Ferry Building from water,Bay,(37.796901,-122.391751) ,37.796901,-122.391751,,
Image 4,640Pics\3-4-22,03/04/22,Ferry Building from water,Bay,(37.796901,-122.391751) ,37.796901,-122.391751,,
Image 5,640Pics\3-4-22,03/04/22,Financial District from water,Bay,(37.799161,-122.387239) ,37.799161,-122.387239,,
Image 6,640Pics\3-4-22,03/04/22,Doggy Diner heads,San Francisco Fire Station 48,(37.826660,-122.369538) ,37.82666,-122.369538,,
Image 7,640Pics\3-4-22,03/04/22,Doggy Diner head,San Francisco Fire Station 48,(37.826707,-122.369426),37.826707,-122.36942,,
Image 8,640Pics\3-4-22,03/04/22,Millennium Tower,Salesforce Transit Center,(37.789770,-122.396462) ,37.78977,-122.396462,,
Image 1,640Pics\3-7-22,03/07/22,Baud Box,My House,(37.745592,-122.499029) ,37.745592,-122.499029,,
Image 2,640Pics\3-7-22,03/07/22,Me,My House,(37.745592,-122.499029) ,37.745592,-122.499029,,
Image 3,640Pics\3-7-22,03/07/22,Me,My House,(37.745592,-122.499029) ,37.745592,-122.499029,,
Image 4,640Pics\3-7-22,03/07/22,Citicar in garage,My House,(37.745592,-122.499029) ,37.745592,-122.499029,,
Image 5,640Pics\3-7-22,03/07/22,Stay 6 Feet Apart sign,My House,(37.745592,-122.499029) ,37.745592,-122.499029,,
Image 6,640Pics\3-7-22,03/07/22,Stay 6 Feet Apart sign,My House,(37.745592,-122.499029) ,37.745592,-122.499029,,
Image 1,640Pics\4-20-22,03/27/22,That house at the end of Rivera,Ramones Pics,"(37.745444, ",-122.506570) ,"37.745444, ",-122.50657,,
Image 3,640Pics\4-20-22,04/20/22,Dazzle Camo House,1467 41st St,(37.759216 ,-122.500488) ,37.759216,-122.500488,,
Image 5,640Pics\4-20-22,04/20/22,Purple Dog,Robin Williams Meadow,(37.769304 ,-122.458740) ,37.769304,-122.45874,,
Image 6,640Pics\4-20-22,04/20/22,Weed Journalist,Robin Williams Meadow,(37.768851 ,-122.458477) ,37.768851,-122.458477,,
Image 9,640Pics\4-20-22,04/20/22,420 Celebration,Hippie Hill,(37.770148 ,-122.457837) ,37.770148,-122.457837,,
Image 11,640Pics\4-20-22,04/20/22,Wicked Backpack,Robin Williams Meadow,(37.769478 ,-122.458368) ,37.769478,-122.458368,,
Image 1,640Pics\5-1-22,05/01/22,Rock Stacking,Ft Funston,(37.723949,-122.504847,37.723949,-122.504847,,
Image 2,640Pics\5-1-22,05/01/22,Battery Davis Overlook,Ft Funston,37.718971,-122.504349,37.718971,-122.504349,,
Image 3,640Pics\5-1-22,05/01/22,Battery Davis Overlook,Ft Funston,37.718971,-122.504349,37.718971,-122.504349,,
Image 4,640Pics\5-1-22,05/01/22,Hang Glider Parking,Ft Funston,37.714184,-122.50276,37.714184,-122.50276,,
Image 5,640Pics\5-1-22,05/01/22,Hang Glider Parking,Ft Funston,37.714184,-122.50276,37.714184,-122.50276,,
Image 6,640Pics\5-1-22,05/01/22,Sand Ladder Overlook,Ft Funston,37.713302,-122.502652,37.713302,-122.502652,,
Image 7,640Pics\5-1-22,05/01/22,Sand Ladder Overlook,Ft Funston,37.713302,-122.502652,37.713302,-122.502652,,
Image 8,640Pics\5-1-22,05/01/22,Funston Beach Cliffs,Ft Funston,37.713098,-122.504177,37.713098,-122.504177,,
Image 9,640Pics\5-1-22,05/01/22,Buddah Dog,Ft Funston,37.715028,-122.504557,37.715028,-122.504557,,
Image 10,640Pics\5-1-22,05/01/22,Buddah Dog,Ft Funston,37.715028,-122.504557,37.715028,-122.504557,,
Image 11,640Pics\5-1-22,05/01/22,Gun Turret in sand,Ft Funston,37.722549,-122.506392,37.722549,-122.506392,,
Image 1,640Pics\5-7-22,05/07/22,Fish sculpture,Sunset Playground,37.751204,-122.497763,37.751204,-122.497763,,
Image 2,640Pics\5-7-22,05/07/22,Chesa Boudin,Sunset Playground,37.750975,-122.497724,37.750975,-122.497724,,
Image 3,640Pics\5-7-22,05/07/22,Chesa Boudin,Sunset Playground,37.750975,-122.497724,37.750975,-122.497724,,
Image 1,640Pics\5-15-22,05/15/22,Train Tracks,West Portal Station,(37.741299 ,-122.465477,37.741299,-122.465477,,
Image 2,640Pics\5-15-22,05/15/22,Trains arriving,West Portal Station,(37.741299 ,-122.465477,37.741299,-122.465477,,
Image 3,640Pics\5-15-22,05/15/22,Stockton St,Stockton St Tunnel,(37.792861 ,-122.407738,37.792861,-122.407738,,
Image 4,640Pics\5-15-22,05/15/22,Stockton & Sacramento ,Stockton St Tunnel,(37.793081 ,-122.407764,37.793081,-122.407764,,
Image 5,640Pics\5-15-22,05/15/22,Fishmonger,Stockton St,(37.795226 ,-122.408231,37.795226,-122.408231,,
Image 6,640Pics\5-15-22,05/15/22,Weird Eyes,Vacation,(37.800508 ,-122.40769,37.800508,-122.40769,,
Image 7,640Pics\5-15-22,05/15/22,Naked Elf Graffiti,Union & Bannam Place,(37.800516 ,-122.407926,37.800516,-122.407926,,
Image 8,640Pics\5-15-22,05/15/22,Stickers,Golden Boy Pizza,37.799681,-122.408055,37.799681,-122.408055,,
Image 9,640Pics\5-15-22,05/15/22,Pizza ,Golden Boy Pizza,37.799681,-122.408055,37.799681,-122.408055,,
Image 10,640Pics\5-15-22,05/15/22,Filbert on Washington Square,Saints Peter And Paul Church,(37.801224 ,-122.410476,37.801224,-122.410476,,
Image 11,640Pics\5-15-22,05/15/22,Outside Kite Shop,Zoltan Fortune teller,(37.793543 ,-122.406214,37.793543,-122.406214,,
Image 1,640Pics\5-30-22,05/30/22,VW Type 3,Judah & 43rd,37.760564,-122.502813,37.760564,-122.502813,,
Image 2,640Pics\5-30-22,05/30/22,View north from Tank Hill,Tank Hill,37.76034,-122.447168,37.76034,-122.447168,,
Image 3,640Pics\5-30-22,05/30/22,Sutro Tower,Twin Peaks Blvd,37.759226,-122.447515,37.759226,-122.447515,,
Image 4,640Pics\5-30-22,05/30/22,Sutro Tower,Twin Peaks Blvd,37.755782,-122.445239,37.755782,-122.445239,,
Image 5,640Pics\5-30-22,05/30/22,Pride Triangle,Twin Peaks,37.755494,-122.445722,37.755494,-122.445722,,
Image 6,640Pics\5-30-22,05/30/22,Sutro Tower,Twin Peaks,37.755044,-122.447848,37.755044,-122.447848,,
Image 7,640Pics\5-30-22,05/30/22,Downtown from above pride triangle ,Twin Peaks,37.754815,-122.446473,37.754815,-122.446473,,
Image 8,640Pics\5-30-22,05/30/22,Down market from twin peaks,Twin peaks,37.754603,-122.446312,37.754603,-122.446312,,
Image 9,640Pics\5-30-22,05/30/22,AZERTY graffitti,Twin Peaks,37.753619,-122.446806,37.753619,-122.446806,,
Image 10,640Pics\5-30-22,05/30/22,skater,twin peaks,37.753432,-122.446817,37.753432,-122.446817,,
Image 11,640Pics\5-30-22,05/30/22,skater,twin peaks,37.753432,-122.446817,37.753432,-122.446817,,
Image 12,640Pics\5-30-22,05/30/22,Skater on ramp,twin peaks,37.753008,-122.446946,37.753008,-122.446946,,
Image 13,640Pics\5-30-22,05/30/22,Skater on ramp,twin peaks,37.753008,-122.446946,37.753008,-122.446946,,
Image 14,640Pics\5-30-22,05/30/22,Hawk hovering in front of sutro tower,twin peaks,37.752542,-122.44774,37.752542,-122.44774,,
Image 15,640Pics\5-30-22,05/30/22,Hawk hovering in front of sutro tower,twin peaks,37.752542,-122.44774,37.752542,-122.44774,,
Image 16,640Pics\5-30-22,05/30/22,Hawk hovering in front of sutro tower,twin peaks,37.752542,-122.44774,37.752542,-122.44774,,
Image 2,640Pics\6-17-22,06/17/22,Conservatory of Flowers,Conservatory of Flowers,37.772472,-122.460196,37.772472,-122.460196,,
Image 3,640Pics\6-17-22,06/17/22,Corpse flower,Conservatory of Flowers,37.772472,-122.460196,37.772472,-122.460196,,
Image 4,640Pics\6-17-22,06/17/22,Pitcher Plant,Conservatory of Flowers,37.772472,-122.460196,37.772472,-122.460196,,
Image 5,640Pics\6-17-22,06/17/22,Flower,Conservatory of Flowers,37.772472,-122.460196,37.772472,-122.460196,,
Image 6,640Pics\6-17-22,06/17/22,Pitcher Plant,Conservatory of Flowers,37.772472,-122.460196,37.772472,-122.460196,,
Image 7,640Pics\6-17-22,06/17/22,Pitcher Plant,Conservatory of Flowers,37.772472,-122.460196,37.772472,-122.460196,,
Image 8,640Pics\6-17-22,06/17/22,Flower,Conservatory of Flowers,37.772472,-122.460196,37.772472,-122.460196,,
Image 9,640Pics\6-17-22,06/17/22,Flower,Conservatory of Flowers,37.772472,-122.460196,37.772472,-122.460196,,
Image 10,640Pics\6-17-22,06/17/22,Water Lily,Conservatory of Flowers,37.772472,-122.460196,37.772472,-122.460196,,
Image 11,640Pics\6-17-22,06/17/22,Water Lily,Conservatory of Flowers,37.772472,-122.460196,37.772472,-122.460196,,
Image 12,640Pics\6-17-22,06/17/22,flower,Conservatory of Flowers,37.772472,-122.460196,37.772472,-122.460196,,
Image 13,640Pics\6-17-22,06/17/22,flower,Conservatory of Flowers,37.772472,-122.460196,37.772472,-122.460196,,
Image 14,640Pics\6-17-22,06/17/22,Corpse flower,Conservatory of Flowers,37.772472,-122.460196,37.772472,-122.460196,,
Image 15,640Pics\6-17-22,06/17/22,Corpse flower,Conservatory of Flowers,37.772472,-122.460196,37.772472,-122.460196,,
Image 16,640Pics\6-17-22,06/17/22,Corpse flower,Conservatory of Flowers,37.772472,-122.460196,37.772472,-122.460196,,
Image 1,640Pics\6-24-22,06/24/22,Roe V Wade protest,Market & Powell,37.784628,-122.407567,37.784628,-122.407567,,
Image 2,640Pics\6-24-22,06/24/22,Roe V Wade protest,Market & Powell,37.784475,-122.407728,37.784475,-122.407728,,
Image 3,640Pics\6-24-22,06/24/22,Fire to the prisons,Jones & Golden Gate,37.782148,-122.412119,37.782148,-122.412119,,
Image 4,640Pics\6-24-22,06/24/22,Saint Boniface Church,Golden Gate Ave,37.782042,-122.413225,37.782042,-122.413225,,
Image 5,640Pics\6-24-22,06/24/22,We Will Defend Each Other,Phillip Burton Federal Building,37.781609,-122.417758,37.781609,-122.417758,,
Image 6,640Pics\6-24-22,06/24/22,We Will Defend Each Other,Phillip Burton Federal Building,37.781609,-122.417758,37.781609,-122.417758,,
Image 7,640Pics\6-24-22,06/24/22,Roe V Wade protest,SF City Hall,37.779718,-122.418671,37.779718,-122.418671,,
Image 8,640Pics\6-24-22,06/24/22,Roe V Wade protest,SF City Hall,37.779684,-122.418757,37.779684,-122.418757,,
Image 9,640Pics\6-24-22,06/24/22,Roe V Wade protest,SF City Hall,37.779591,-122.41866,37.779591,-122.41866,,
Image 10,640Pics\6-24-22,06/24/22,Roe V Wade protest,SF City Hall,37.779434,-122.418757,37.779434,-122.418757,,
Image 11,640Pics\6-24-22,06/24/22,Roe V Wade protest,SF City Hall,37.779434,-122.418757,37.779434,-122.418757,,
Image 12,640Pics\6-24-22,06/24/22,Roe V Wade protest,SF City Hall,37.779434,-122.418757,37.779434,-122.418757,,
Image 13,640Pics\6-24-22,06/24/22,Roe V Wade protest,SF City Hall,37.779434,-122.418757,37.779434,-122.418757,,
Image 14,640Pics\6-24-22,06/24/22,Roe V Wade protest,SF City Hall,37.779434,-122.418757,37.779434,-122.418757,,
Image 15,640Pics\6-24-22,06/24/22,SF City Hall,Civic Center Plaza,37.778913,-122.41786,37.778913,-122.41786,,
Image 16,640Pics\6-24-22,06/24/22,Roe V Wade protest,Market & Hyde,37.778811,-122.414849,37.778811,-122.414849,,
Image 1,640Pics\6-27-22,06/27/22,Bought another Quicktake 150,Found on camera,0,0,0,0,,
Image 2,640Pics\6-27-22,06/27/22,Bought another Quicktake 150,Found on camera,0,0,0,0,,
Image 3,640Pics\6-27-22,06/27/22,Bought another Quicktake 150,Found on camera,0,0,0,0,,
Image 4,640Pics\6-27-22,06/27/22,Bought another Quicktake 150,Found on camera,0,0,0,0,,
Image 5,640Pics\6-27-22,06/27/22,Bought another Quicktake 150,Found on camera,0,0,0,0,,
Image 1,640Pics\6-28-22,06/28/22,GG Bridge,Baker Beach,37.793259,-122.483516,,,,
Image 2,640Pics\6-28-22,06/28/22,Flock of Pelicans,Baker Beach,37.792011,-122.484947,,,,
Image 3,640Pics\6-28-22,06/28/22,Seacliff,Baker Beach,37.789637,-122.487232,,,,
Image 4,640Pics\6-28-22,06/28/22,Fisherman and Dog,Baker Beach,37.790196,-122.486491,,,,
Image 5,640Pics\6-28-22,06/28/22,Skywriting,Seacliff Avenue,37.788399,-122.489497,,,,
Image 6,640Pics\6-28-22,06/28/22,William’s Memorial,Seacliff Avenue,37.787922,-122.489644,,,,
Image 7,640Pics\6-28-22,06/28/22,Watering the fucking golf course during a drought,El Camino del Mar,37.786286,-122.494239,,,,
Image 8,640Pics\6-28-22,06/28/22,GG Bridge,El Camino del Mar,37.785862,-122.495033,,,,
Image 9,640Pics\6-28-22,06/28/22,GG Bridge,El Camino del Mar,37.785985,-122.496767,,,,
Image 10,640Pics\6-28-22,06/28/22,49 Mile Drive sign (no flash),El Camino del Mar,37.785722,-122.500262,,,,
Image 11,640Pics\6-28-22,06/28/22,49 Mile Drive sign (no flash),El Camino del Mar,37.785722,-122.500262,,,,
Image 12,640Pics\6-28-22,06/28/22,49 Mile Drive sign (flash),El Camino del Mar,37.785722,-122.500262,,,,
Image 13,640Pics\6-28-22,06/28/22,49 Mile Drive sign (flash),El Camino del Mar,37.785722,-122.500262,,,,
Image 1,640Pics\7-15-22,07/15/22,Burrito,Taqueria Cancun,37.760535,-122.420153,,,,
Image 2,640Pics\7-15-22,07/15/22,Burrito,Taqueria Cancun,37.760535,-122.420153,,,,
Image 3,640Pics\7-15-22,07/15/22,Grill,Taqueria Cancun,37.760535,-122.420153,,,,
Image 4,640Pics\7-15-22,07/15/22,Grill,Taqueria Cancun,37.760535,-122.420153,,,,
Image 5,640Pics\7-15-22,07/15/22,Grill,Taqueria Cancun,37.760535,-122.420153,,,,
Image 6,640Pics\7-15-22,07/15/22,People waiting in line,Taqueria Cancun,37.760535,-122.420153,,,,
Image 7,640Pics\7-15-22,07/15/22,Paul,Beretta,37.77586,-122.438224,,,,
Image 8,640Pics\7-15-22,07/15/22,Me & Kat,Beretta,37.77586,-122.438224,,,,
Image 9,640Pics\7-15-22,07/15/22,People,Fool’s Errand,37.775559,-122.438052,,,,
Image 10,640Pics\7-15-22,07/16/22,Fnnch mural (duck),Oak between Broderick and Divis,37.772985,-122.438342,,,,
Image 1,640Pics\7-19-22,07/19/22,Whiz Burger Sign,Whiz Burger,37.761871,-122.417373,,,,
Image 2,640Pics\7-19-22,07/19/22,Whiz Burger Order Window,Whiz Burger,37.761871,-122.417373,,,,
Image 3,640Pics\7-19-22,07/19/22,Whiz Burger ‘Burger’,Whiz Burger,37.761871,-122.417373,,,,
Image 4,640Pics\7-19-22,07/19/22,Experiment In Fog,Portola & Woodside,37.745694,-122.451496,,,,
Image 5,640Pics\7-19-22,07/19/22,Experiment In Fog,Portola & Woodside,37.745694,-122.451496,,,,
Image 6,640Pics\7-19-22,07/19/22,Experiment in Fog Molly Stone,Portola at Molly Stone,37.745172,-122.452495,,,,
Image 7,640Pics\7-19-22,07/19/22,Experiment in Fog Molly Stone,Portola at Molly Stone,37.745172,-122.452495,,,,
Image 1,640Pics\7-20-22,07/20/22,Bought another Quicktake 150,Found on camera,0,0,,,,
Image 2,640Pics\7-20-22,07/20/2022,Bought another Quicktake 150,Found on camera,0,0,,,,
Image 3,640Pics\7-20-22,07/20/2022,Bought another Quicktake 150,Found on camera,0,0,,,,
Image 4,640Pics\7-20-22,07/20/2022,Bought another Quicktake 150,Found on camera,0,0,,,,
Image 5,640Pics\7-20-22,07/20/2022,Bought another Quicktake 150,Found on camera,0,0,,,,
Image 6,640Pics\7-20-22,07/20/2022,Bought another Quicktake 150,Found on camera,0,0,,,,
Image 1,640Pics\7-21-22,07/21/22,16th Ave Steps,16th Ave Steps,37.756243,-122.473628,,,,
Image 2,640Pics\7-21-22,07/21/22,16th Ave Steps,16th Ave Steps,37.756243,-122.473628,,,,
Image 3,640Pics\7-21-22,07/21/22,16th Ave Steps,16th Ave Steps,37.756247,-122.473155,,,,
Image 4,640Pics\7-21-22,07/21/22,Sunset from Grandview Park,15th and Noriega,37.755878,-122.472393,,,,
Image 5,640Pics\7-21-22,07/21/22,Inner sunset from beginning of aloha avenue,Aloha and Funston,37.757396,-122.470208,,,,
Image 6,640Pics\7-21-22,07/21/22,Houses on a hill,Lurline St at Funston,37.759275,-122.47038,,,,
Image 7,640Pics\7-21-22,07/21/22,St Anne of the Sunset,Judah & Funston,37.761862,-122.470504,,,,
Image 8,640Pics\7-21-22,07/21/22,Buffalo flamingo mural,Irving @ 36th,37.762846,-122.495309,,,,
Image 9,640Pics\7-21-22,07/21/22,Buffalo flamingo mural,Irving @ 36th,37.762846,-122.495309,,,,
Image 1,640Pics\7-23-22,07/23/22,Goat,Francisco Park,37.80364,-122.421063,,,,
Image 2,640Pics\7-23-22,07/23/22,Goat,Francisco Park,37.80364,-122.421063,,,,
Image 3,640Pics\7-23-22,07/23/22,Goat,Francisco Park,37.80364,-122.421063,,,,
Image 4,640Pics\7-23-22,07/23/22,Goat,Francisco Park,37.80364,-122.421063,,,,
Image 5,640Pics\7-23-22,07/23/22,Goat,Francisco Park,37.80364,-122.421063,,,,
Image 6,640Pics\7-23-22,07/23/22,Lombard st / Marina,Lombard above Polk,37.801624,-122.422417,,,,
Image 7,640Pics\7-23-22,07/23/22,Lombard st / Marina,Lombard above Polk,37.801624,-122.422417,,,,
Image 8,640Pics\7-23-22,07/23/22,Lombard st / Marina,Lombard above Polk,37.801624,-122.422417,,,,
Image 9,640Pics\7-23-22,07/23/22,Weed,Apothecarium,37.799418,-122.441391,,,,
Image 10,640Pics\7-23-22,07/23/22,Fish,6th Ave Aquarium,37.782707,-122.463885,,,,
Image 11,640Pics\7-23-22,07/23/22,Fish,6th Ave Aquarium,37.782707,-122.463885,,,,
Image 12,640Pics\7-23-22,07/23/22,Fish,6th Ave Aquarium,37.782707,-122.463885,,,,
Image 13,640Pics\7-23-22,07/23/22,Fish,6th Ave Aquarium,37.782707,-122.463885,,,,
Image 14,640Pics\7-23-22,07/23/22,Fish,6th Ave Aquarium,37.782707,-122.463885,,,,
Image 15,640Pics\7-23-22,07/23/22,Fish,6th Ave Aquarium,37.782707,-122.463885,,,,
Image 1,640Pics\8-14-22,08/14/22,Phil Lesh concert,Stern Grove,37.736567,-122.478996,,,,
Image 2,640Pics\8-14-22,08/14/22,Phil Lesh concert,Stern Grove,37.736567,-122.478996,,,,
Image 3,640Pics\8-14-22,08/14/22,Part of panorama,Stern Grove,37.736567,-122.478996,,,,
Image 4,640Pics\8-14-22,08/14/22,Part of panorama,Stern Grove,37.736567,-122.478996,,,,
Image 5,640Pics\8-14-22,08/14/22,Part of panorama,Stern Grove,37.736567,-122.478996,,,,
Image 6,640Pics\8-14-22,08/14/22,Part of panorama,Stern Grove,37.736567,-122.478996,,,,
Image 7,640Pics\8-14-22,08/14/22,Part of panorama,Stern Grove,37.736567,-122.478996,,,,
Image 8,640Pics\8-14-22,08/14/22,Part of panorama,Stern Grove,37.736567,-122.478996,,,,
Image 9,640Pics\8-14-22,08/14/22,Part of panorama,Stern Grove,37.736567,-122.478996,,,,
Image 10,640Pics\8-14-22,08/14/22,Part of panorama,Stern Grove,37.736567,-122.478996,,,,
Image 11,640Pics\8-14-22,08/14/22,Lower concert,Stern Grove,37.736219,-122.478856,,,,
Image 12,640Pics\8-14-22,08/14/22,Lower Concert / Uncle John’s Band,Stern Grove,37.736219,-122.478856,,,,
Image 13,640Pics\8-14-22,08/14/22,Lower Concert / Uncle John’s Band,Stern Grove,37.736219,-122.478856,,,,
Image 14,640Pics\8-14-22,08/14/22,Lower Concert / Uncle John’s Band,Stern Grove,37.736219,-122.478856,,,,
Image 15,640Pics\8-14-22,08/14/22,Dog pic,Stern Grove,37.736694,-122.481208,,,,
Image 16,640Pics\8-14-22,08/14/22,Dog pic,Stern Grove,37.736694,-122.481208,,,,
Image 1,640pics\8-19-22,08/19/22,North Beach/Financial District,From broadway between jones and taylor,37.796884,-122.41456,,,,
Image 2,640pics\8-19-22,08/19/22,Financial District Bay Bridge,Ina Coolbrith Park,37.79841,-122.413648,,,,
Image 3,640pics\8-19-22,08/19/22,Financial District Bay Bridge,Ina Coolbrith Park,37.79841,-122.413648,,,,
Image 4,640pics\8-19-22,08/19/22,Financial District Bay Bridge,Ina Coolbrith Park,37.79841,-122.413648,,,,
Image 5,640pics\8-19-22,08/19/22,Financial District Bay Bridge,Above Ina Coolbrith Park,37.797914,-122.414339,,,,
Image 6,640pics\8-19-22,08/19/22,Waldo alley,Waldo Alley,37.796973,-122.41697,,,,
Image 7,640pics\8-19-22,08/19/22,Pacific & Jones,Pacific & Jones,37.795985,-122.415069,,,,
Image 8,640pics\8-19-22,08/19/22,Apple genius bar,Union square Apple store,37.788622,-122.407269,,,,
Image 9,640pics\8-19-22,08/19/22,New macs,Union square Apple store,37.788622,-122.407269,,,,
Image 10,640pics\8-19-22,08/19/22,Ruth asawa fountain,Union square Apple store,37.788876,-122.407119,,,,
Image 11,640pics\8-19-22,08/19/22,Ruth asawa fountain,Union square Apple store,37.788876,-122.407119,,,,
Image 12,640pics\8-19-22,08/19/22,450 sutter st,450 sutter st,37.789236,-122.407816,,,,
Image 13,640pics\8-19-22,08/19/22,Cable Car,Sutter & Powell,37.789173,-122.408503,,,,
Image 14,640pics\8-19-22,08/19/22,Cable Car,Powell at union square,37.787977,-122.408471,,,,
Image 15,640pics\8-19-22,08/19/22,Cable car turnaround,Powell at ellis,37.785103,-122.407816,,,,
Image 16,640pics\8-19-22,08/19/22,1072 Streetcar,Market at 3rd st,37.787358,-122.403975,,,,
Image 1,640Pics\8-20-22,08/20/22,Good ‘ol san francisco murder hole,Battery Godfrey,37.803627,-122.47733,,,,
Image 2,640Pics\8-20-22,08/20/22,Good ‘ol san francisco murder hole,Battery Godfrey,37.803627,-122.47733,,,,
Image 3,640Pics\8-20-22,08/20/22,Good ‘ol san francisco murder hole,Battery Godfrey,37.803627,-122.47733,,,,
Image 4,640Pics\8-20-22,08/20/22,Good ‘ol san francisco murder hole,Battery Godfrey,37.803627,-122.47733,,,,
Image 5,640Pics\8-20-22,08/20/22,Pelicans,Battery Godfrey,37.803293,-122.477948,,,,
Image 6,640Pics\8-20-22,08/20/22,Rave,Battery Godfrey,37.803204,-122.477862,,,,
Image 7,640Pics\8-20-22,08/20/22,Bridge,Battery Boutelle,37.80467,-122.477389,,,,
Image 8,640Pics\8-20-22,08/20/22,A battery,Battery Marcus Miller,37.805191,-122.476869,,,,
Image 9,640Pics\8-20-22,08/20/22,Fuck that shit is dark,Battery Marcus Miller,37.805645,-122.477014,,,,
Image 10,640Pics\8-20-22,08/20/22,Down the bridge,Battery Marcus Miller,37.805795,-122.477057,,,,
Image 11,640Pics\8-20-22,08/20/22,Under the bridge,Golden Gate Bridge,37.808126,-122.476682,,,,
Image 12,640Pics\8-20-22,08/20/22,Side view of bridge,Golden gate bridge,37.808347,-122.476402,,,,
Image 13,640Pics\8-20-22,08/20/22,Unclaimed Baggage Truck,Ortega and 37th ave,37.751488,-122.495977,,,,
Image 14,640Pics\8-20-22,08/20/22,Unclaimed Baggage Truck,Ortega and 37th ave,37.751488,-122.495977,,,,
Image 15,640Pics\8-20-22,08/20/22,Unclaimed Baggage Truck,Ortega and 37th ave,37.751488,-122.495977,,,,
Image 1,640Pics\8-20-22-2,08/20/22,Quicktake Nikon & powerbook Duo,Golden gate bridge overlook,37.804072,-122.476703,,,,
Image 2,640Pics\8-20-22-2,08/20/22,Quicktake Nikon & powerbook Duo,Golden gate bridge overlook,37.804072,-122.476703,,,,
Image 3,640Pics\8-20-22-2,08/20/22,Down the golden gate bridge,Golden gate bridge overlook,37.804072,-122.476703,,,,
Image 1,640Pics\8-21-22\1,8-21-22,Birds on Lloyd Lake,Lloyd Lake,37.77056,-122.481368,,,,
Image 2,640Pics\8-21-22\1,8-21-22,Birds on Lloyd Lake,Lloyd Lake,37.77056,-122.481368,,,,
Image 3,640Pics\8-21-22\1,8-21-22,Birds on Lloyd Lake,Lloyd Lake,37.77056,-122.481368,,,,
Image 4,640Pics\8-21-22\1,8-21-22,Birds on Lloyd Lake,Lloyd Lake,37.77056,-122.481368,,,,
Image 5,640Pics\8-21-22\1,8-21-22,Birds on Lloyd Lake,Lloyd Lake,37.77056,-122.481368,,,,
Image 1,640Pics\8-21-22\2,8-21-22,Birds on Lloyd Lake,Lloyd Lake,37.77056,-122.481368,,,,
Image 2,640Pics\8-21-22\2,8-21-22,Birds on Lloyd Lake,Lloyd Lake,37.77056,-122.481368,,,,
Image 3,640Pics\8-21-22\2,8-21-22,Birds on Lloyd Lake,Lloyd Lake,37.77056,-122.481368,,,,
Image 4,640Pics\8-21-22\2,8-21-22,Birds on Lloyd Lake,Lloyd Lake,37.77056,-122.481368,,,,
Image 1,640Pics\8-21-22\3,8-21-22,Birds on Lloyd Lake,Lloyd Lake,37.77056,-122.481368,,,,
Image 2,640Pics\8-21-22\3,8-21-22,Birds on Lloyd Lake,Lloyd Lake,37.77056,-122.481368,,,,
Image 1,640Pics\8-21-22\4,8-21-22,Birds on Lloyd Lake,Lloyd Lake,37.77056,-122.481368,,,,
Image 2,640Pics\8-21-22\4,8-21-22,Birds on Lloyd Lake,Lloyd Lake,37.77056,-122.481368,,,,
Image 3,640Pics\8-21-22\4,8-21-22,Birds on Lloyd Lake,Lloyd Lake,37.77056,-122.481368,,,,
Image 1,640Pics\8-21-22\5,8-21-22,Portals of the Past,Lloyd Lake,37.770288,-122.481722,,,,
Image 2,640Pics\8-21-22\5,8-21-22,Portals of the Past,Lloyd Lake,37.770288,-122.481722,,,,
Image 3,640Pics\8-21-22\5,8-21-22,Portals of the Past,Lloyd Lake,37.770288,-122.481722,,,,
Image 4,640Pics\8-21-22\5,8-21-22,Portals of the Past,Lloyd Lake,37.770288,-122.481722,,,,
Image 5,640Pics\8-21-22\5,8-21-22,Portals of the Past,Lloyd Lake,37.770288,-122.481722,,,,
Image 6,640Pics\8-21-22\5,8-21-22,Portals of the Past,Lloyd Lake,37.770288,-122.481722,,,,
Image 7,640Pics\8-21-22\5,8-21-22,Portals of the Past,Lloyd Lake,37.770288,-122.481722,,,,
Image 1,640Pics\8-21-22\6,8-21-22,View down to Great Highway,Sutro Heights,37.777429,-122.511873,,,,
Image 2,640Pics\8-21-22\6,8-21-22,View down to Great Highway,Sutro Heights,37.777429,-122.511873,,,,
Image 3,640Pics\8-21-22\6,8-21-22,View down to Great Highway,Sutro Heights,37.777429,-122.511873,,,,
Image 4,640Pics\8-21-22\6,8-21-22,View down to Great Highway,Sutro Heights,37.777429,-122.511873,,,,
Image 5,640Pics\8-21-22\6,8-21-22,View down to Great Highway,Sutro Heights,37.777429,-122.511873,,,,
Image 6,640Pics\8-21-22\6,8-21-22,View down to Great Highway,Sutro Heights,37.777429,-122.511873,,,,
Image 7,640Pics\8-21-22\6,8-21-22,View down to Great Highway,Sutro Heights,37.777429,-122.511873,,,,
Image 1,640Pics\8-21-22\7,8-21-22,View down to Great Highway,Sutro Heights,37.777429,-122.511873,,,,
Image 2,640Pics\8-21-22\7,8-21-22,View down to Great Highway,Sutro Heights,37.777429,-122.511873,,,,
Image 3,640Pics\8-21-22\7,8-21-22,View down to Great Highway,Sutro Heights,37.777429,-122.511873,,,,
Image 4,640Pics\8-21-22\7,8-21-22,View down to Great Highway,Sutro Heights,37.777429,-122.511873,,,,
Image 5,640Pics\8-21-22\7,8-21-22,View down to Great Highway,Sutro Heights,37.777429,-122.511873,,,,
Image 6,640Pics\8-21-22\7,8-21-22,View down to Great Highway,Sutro Heights,37.777429,-122.511873,,,,
Image 1,640Pics\8-21-22\8,8-21-22,View down to Great Highway,Sutro Heights,37.777429,-122.511873,,,,
Image 2,640Pics\8-21-22\8,8-21-22,View down to Great Highway,Sutro Heights,37.777429,-122.511873,,,,
Image 3,640Pics\8-21-22\8,8-21-22,View down to Great Highway,Sutro Heights,37.777429,-122.511873,,,,
Image 4,640Pics\8-21-22\8,8-21-22,View down to Great Highway,Sutro Heights,37.777429,-122.511873,,,,
Image 5,640Pics\8-21-22\8,8-21-22,View down to Great Highway,Sutro Heights,37.777429,-122.511873,,,,
Image 6,640Pics\8-21-22\8,8-21-22,View down to Great Highway,Sutro Heights,37.777429,-122.511873,,,,
Image 7,640Pics\8-21-22\8,8-21-22,View down to Great Highway,Sutro Heights,37.777429,-122.511873,,,,
Image 8,640Pics\8-21-22\8,8-21-22,Surfers on Ocean Beach,Sutro Heights,37.777429,-122.511873,,,,
Image 9,640Pics\8-21-22\8,8-21-22,Surfers on Ocean Beach,Sutro Heights,37.777429,-122.511873,,,,
Image 10,640Pics\8-21-22\8,8-21-22,Surfers on Ocean Beach,Sutro Heights,37.777429,-122.511873,,,,
Image 1,640Pics\8-21-22\9,8-21-22,Graffiti,Stair 25 at Ocean Beach,37.766815,-122.510966,,,,
Image 2,640Pics\8-21-22\9,8-21-22,Graffiti,Stair 25 at Ocean Beach,37.766815,-122.510966,,,,
Image 3,640Pics\8-21-22\9,8-21-22,Graffiti,Stair 25 at Ocean Beach,37.766815,-122.510966,,,,
Image 1,640Pics\8-25-22\1,8-25-22,@mohitbhoite art,Spark Social,37.770738,-122.391656,,,,
Image 2,640Pics\8-25-22\1 ,8-25-22,@mohitbhoite art,Spark Social,37.770738,-122.391656,,,,
Image 1,640Pics\8-25-22\2,8-25-22,Hardware happy hour group meetup,Spark Social,37.770738,-122.391656,,,,
Image 2,640Pics\8-25-22\2,8-25-22,Hardware happy hour group meetup,Spark Social,37.770738,-122.391656,,,,
Image 3,640Pics\8-25-22\2,8-25-22,A flying instagram drone?,Spark Social,37.770738,-122.391656,,,,
Image 4,640Pics\8-25-22\2,8-25-22,LEDs,Spark Social,37.770738,-122.391656,,,,
Image 5,640Pics\8-25-22\2,8-25-22,Alvaro,Spark Social,37.770738,-122.391656,,,,
Image 6,640Pics\8-25-22\2,8-25-22,People?,Spark Social,37.770738,-122.391656,,,,
Image 7,640Pics\8-25-22\2,8-25-22,LEDs,Spark Social,37.770738,-122.391656,,,,
Image 1,640Pics\8-25-22\3,8-25-22,LEDs,Spark Social,37.770738,-122.391656,,,,
Image 2,640Pics\8-25-22\3,8-25-22,LEDs,Spark Social,37.770738,-122.391656,,,,
Image 3,640Pics\8-25-22\3,8-25-22,LEDs,Spark Social,37.770738,-122.391656,,,,
Image 4,640Pics\8-25-22\3,8-25-22,LEDs,Spark Social,37.770738,-122.391656,,,,
Image 1,640Pics\8-26-22,8-26-22,Britex Sign,Corner of Geary & Stockton,37.787502,-122.406668,,,,
Image 2,640Pics\8-26-22,8-26-22,Tunnel Top sign,South stairwell of Stockton tunnel,37.790296,-122.407151,,,,
Image 3,640Pics\8-26-22,8-26-22,Green door,South down stockton from tunnel,37.790288,-122.407189,,,,
Image 4,640Pics\8-26-22,8-26-22,Cable Car,Powell at Bush,37.789965,-122.408896,,,,
Image 5,640Pics\8-26-22,8-26-22,Two Cable Cars,Powell at Bush,37.789965,-122.408896,,,,
Image 6,640Pics\8-26-22,8-26-22,450 Sutter Lobby,450 Sutter Lobby,37.789414,-122.407774,,,,
Image 7,640Pics\8-26-22,8-26-22,450 Sutter Lobby,450 Sutter Lobby,37.789414,-122.407774,,,,
Image 8,640Pics\8-26-22,8-26-22,450 Sutter Lobby,450 Sutter Lobby,37.789414,-122.407774,,,,
Image 9,640Pics\8-26-22,8-26-22,450 Sutter Lobby,450 Sutter Lobby,37.789414,-122.407774,,,,
Image 1,640Pics\8-27-22\1,8-27-22,Unsuccessful GG Bridge Overlook,GG Bridge Overlook,37.804072,-122.476703,,,,
Image 2,640Pics\8-27-22\1,8-27-22,Unsuccessful GG Bridge Overlook,GG Bridge Overlook,37.804072,-122.476703,,,,
Image 3,640Pics\8-27-22\1,8-27-22,Unsuccessful GG Bridge Overlook,GG Bridge Overlook,37.804072,-122.476703,,,,
Image 4,640Pics\8-27-22\1,8-27-22,Unsuccessful GG Bridge Overlook,GG Bridge Overlook,37.804072,-122.476703,,,,
Image 1,640Pics\8-27-22\2,8-27-22,Unsuccessful GG Bridge Overlook,GG Bridge Overlook,37.804072,-122.476703,,,,
Image 2,640Pics\8-27-22\2,8-27-22,Unsuccessful GG Bridge Overlook,GG Bridge Overlook,37.804072,-122.476703,,,,
Image 3,640Pics\8-27-22\2,8-27-22,Unsuccessful GG Bridge Overlook,GG Bridge Overlook,37.804072,-122.476703,,,,
Image 4,640Pics\8-27-22\2,8-27-22,Unsuccessful GG Bridge Overlook,GG Bridge Overlook,37.804072,-122.476703,,,,
Image 5,640Pics\8-27-22\2,8-27-22,Unsuccessful GG Bridge Overlook,GG Bridge Overlook,37.804072,-122.476703,,,,
Image 6,640Pics\8-27-22\2,8-27-22,Unsuccessful GG Bridge Overlook,GG Bridge Overlook,37.804072,-122.476703,,,,
Image 7,640Pics\8-27-22\2,8-27-22,Unsuccessful GG Bridge Overlook,GG Bridge Overlook,37.804072,-122.476703,,,,
Image 1,640Pics\8-27-22\3,8-27-22,Unsuccessful GG Bridge Overlook,GG Bridge Overlook,37.804072,-122.476703,,,,
Image 2,640Pics\8-27-22\3,8-27-22,Unsuccessful GG Bridge Overlook,GG Bridge Overlook,37.804072,-122.476703,,,,
Image 3,640Pics\8-27-22\3,8-27-22,Unsuccessful GG Bridge Overlook,GG Bridge Overlook,37.804072,-122.476703,,,,
Image 4,640Pics\8-27-22\3,8-27-22,Unsuccessful GG Bridge Overlook,GG Bridge Overlook,37.804072,-122.476703,,,,
Image 5,640Pics\8-27-22\3,8-27-22,Unsuccessful GG Bridge Overlook,GG Bridge Overlook,37.804072,-122.476703,,,,
Image 6,640Pics\8-27-22\3,8-27-22,Unsuccessful GG Bridge Overlook,GG Bridge Overlook,37.804072,-122.476703,,,,
Image 7,640Pics\8-27-22\3,8-27-22,Unsuccessful GG Bridge Overlook,GG Bridge Overlook,37.804072,-122.476703,,,,
Image 8,640Pics\8-27-22\3,8-27-22,Unsuccessful GG Bridge Overlook,GG Bridge Overlook,37.804072,-122.476703,,,,
Image 9,640Pics\8-27-22\3,8-27-22,Unsuccessful GG Bridge Overlook,GG Bridge Overlook,37.804072,-122.476703,,,,
Image 10,640Pics\8-27-22\3,8-27-22,Unsuccessful GG Bridge Overlook,GG Bridge Overlook,37.804072,-122.476703,,,,
Image 11,640Pics\8-27-22\3,8-27-22,Unsuccessful GG Bridge Overlook,GG Bridge Overlook,37.804072,-122.476703,,,,
Image 1,640Pics\9-3-22,09/03/22,Azrizmendi Bakery,From N Muni between Judah and Irving,37.763363,-122.466281,,,,
Image 2,640Pics\9-3-22,09/03/22,Rexall Drugs sign,From N Muni between Judah and Irving,37.763851,-122.466292,,,,
Image 3,640Pics\9-3-22,09/03/22,Cool house,"Waller, between Cole and Schrader",37.76842,-122.451305,,,,
Image 4,640Pics\9-3-22,09/03/22,Japanese Typing Game,Free Gold Watch,37.768072,-122.45269,,,,
Image 5,640Pics\9-3-22,09/03/22,Japanese Typing Game,Free Gold Watch,37.768072,-122.45269,,,,
Image 6,640Pics\9-3-22,09/03/22,Camera misfire,Hippie Hill,37.769539,-122.458037,,,,
Image 7,640Pics\9-3-22,09/03/22,Hippies,Hippie Hill drum circle,37.769539,-122.458037,,,,
Image 8,640Pics\9-3-22,09/03/22,Hippies,Hippie Hill drum circle,37.769539,-122.458037,,,,
Image 9,640Pics\9-3-22,09/03/22,Hippies,Hippie Hill drum circle,37.769539,-122.458037,,,,
Image 10,640Pics\9-3-22,09/03/22,Hippies,Hippie Hill drum circle,37.769539,-122.458037,,,,
Image 11,640Pics\9-3-22,09/03/22,Catching a bus,End of Haight,37.769156,-122.45324,,,,
Image 12,640Pics\9-3-22,09/03/22,Line for Amoeba Music,Amoeba Music,37.769169,-122.453052,,,,
Image 13,640Pics\9-3-22,09/03/22,Jam Band,Coffee To The People,37.770174,-122.445177,,,,
Image 14,640Pics\9-3-22,09/03/22,Jam Band,Coffee To The People,37.770102,-122.445209,,,,
Image 15,640Pics\9-3-22,09/03/22,Jam Band,Coffee To The People,37.770051,-122.445204,,,,
Image 16,640Pics\9-3-22,09/03/22,Jam Band,Coffee To The People,37.769966,-122.44515,,,,
Image 1,640Pics\9-5-22\1,09/05/22,The Moon,My House,37.74552,-122.499027,,,,
Image 2,640Pics\9-5-22\1,09/05/22,The Moon,My House,37.74552,-122.499027,,,,
Image 3,640Pics\9-5-22\1,09/05/22,The Moon,My House,37.74552,-122.499027,,,,
Image 4,640Pics\9-5-22\1,09/05/22,The Moon,My House,37.74552,-122.499027,,,,
Image 5,640Pics\9-5-22\1,09/05/22,The Moon,My House,37.74552,-122.499027,,,,
Image 6,640Pics\9-5-22\1,09/05/22,The Moon,My House,37.74552,-122.499027,,,,
Image 7,640Pics\9-5-22\1,09/05/22,The Moon,My House,37.74552,-122.499027,,,,
Image 8,640Pics\9-5-22\1,09/05/22,The Moon,My House,37.74552,-122.499027,,,,
Image 9,640Pics\9-5-22\1,09/05/22,The Moon,My House,37.74552,-122.499027,,,,
Image 10,640Pics\9-5-22\1,09/05/22,The Moon,My House,37.74552,-122.499027,,,,
Image 11,640Pics\9-5-22\1,09/05/22,The Moon,My House,37.74552,-122.499027,,,,
Image 12,640Pics\9-5-22\1,09/05/22,The Moon,My House,37.74552,-122.499027,,,,
Image 13,640Pics\9-5-22\1,09/05/22,The Moon,My House,37.74552,-122.499027,,,,
Image 14,640Pics\9-5-22\1,09/05/22,The Moon,My House,37.74552,-122.499027,,,,
Image 15,640Pics\9-5-22\1,09/05/22,The Moon,My House,37.74552,-122.499027,,,,
Image 16,640Pics\9-5-22\1,09/05/22,The Moon,My House,37.74552,-122.499027,,,,
Image 17,640Pics\9-5-22\1,09/05/22,The Moon,My House,37.74552,-122.499027,,,,
Image 18,640Pics\9-5-22\1,09/05/22,The Moon,My House,37.74552,-122.499027,,,,
Image 1,640Pics\9-5-22\2,09/05/22,The Moon,My House,37.74552,-122.499027,,,,
Image 2,640Pics\9-5-22\2,09/05/22,The Moon,My House,37.74552,-122.499027,,,,
Image 3,640Pics\9-5-22\2,09/05/22,The Moon,My House,37.74552,-122.499027,,,,
Image 1,640Pics\9-6-22\1,09/06/22,The Moon,My House,37.74552,-122.499027,,,,
Image 2,640Pics\9-6-22\1,09/06/22,The Moon,My House,37.74552,-122.499027,,,,
Image 3,640Pics\9-6-22\1,09/06/22,The Moon,My House,37.74552,-122.499027,,,,
Image 4,640Pics\9-6-22\1,09/06/22,The Moon,My House,37.74552,-122.499027,,,,
Image 5,640Pics\9-6-22\1,09/06/22,The Moon,My House,37.74552,-122.499027,,,,
Image 6,640Pics\9-6-22\1,09/06/22,The Moon,My House,37.74552,-122.499027,,,,
Image 7,640Pics\9-6-22\1,09/06/22,The Moon,My House,37.74552,-122.499027,,,,
Image 8,640Pics\9-6-22\1,09/06/22,The Moon,My House,37.74552,-122.499027,,,,
Image 9,640Pics\9-6-22\1,09/06/22,The Moon,My House,37.74552,-122.499027,,,,
Image 10,640Pics\9-6-22\1,09/06/22,The Moon,My House,37.74552,-122.499027,,,,
Image 11,640Pics\9-6-22\1,09/06/22,The Moon,My House,37.74552,-122.499027,,,,
Image 12,640Pics\9-6-22\1,09/06/22,The Moon,My House,37.74552,-122.499027,,,,
Image 13,640Pics\9-6-22\1,09/06/22,The Moon,My House,37.74552,-122.499027,,,,
Image 14,640Pics\9-6-22\1,09/06/22,The Moon,My House,37.74552,-122.499027,,,,
Image 15,640Pics\9-6-22\1,09/06/22,The Moon,My House,37.74552,-122.499027,,,,
Image 16,640Pics\9-6-22\1,09/06/22,The Moon,My House,37.74552,-122.499027,,,,
Image 17,640Pics\9-6-22\1,09/06/22,The Moon,My House,37.74552,-122.499027,,,,
Image 18,640Pics\9-6-22\1,09/06/22,The Moon,My House,37.74552,-122.499027,,,,
Image 19,640Pics\9-6-22\1,09/06/22,The Moon,My House,37.74552,-122.499027,,,,
Image 20,640Pics\9-6-22\1,09/06/22,The Moon,My House,37.74552,-122.499027,,,,
Image 1,640Pics\9-6-22\2,09/06/22,The Moon,My House,37.74552,-122.499027,,,,
Image 2,640Pics\9-6-22\2,09/06/22,The Moon,My House,37.74552,-122.499027,,,,
Image 3,640Pics\9-6-22\2,09/06/22,The Moon,My House,37.74552,-122.499027,,,,
Image 1,640Pics\9-6-22\2,09/06/22,The Moon,My House,37.74552,-122.499027,,,,
Image 2,640Pics\9-6-22\2,09/06/22,The Moon,My House,37.74552,-122.499027,,,,
Image 3,640Pics\9-6-22\2,09/06/22,The Moon,My House,37.74552,-122.499027,,,,
Image 4,640Pics\9-6-22\2,09/06/22,The Moon,My House,37.74552,-122.499027,,,,
Image 5,640Pics\9-6-22\2,09/06/22,The Moon,My House,37.74552,-122.499027,,,,
Image 6,640Pics\9-6-22\2,09/06/22,The Moon,My House,37.74552,-122.499027,,,,
Image 7,640Pics\9-6-22\2,09/06/22,The Moon,My House,37.74552,-122.499027,,,,
Image 8,640Pics\9-6-22\2,09/06/22,The Moon,My House,37.74552,-122.499027,,,,
Image 9,640Pics\9-6-22\2,09/06/22,The Moon,My House,37.74552,-122.499027,,,,
Image 10,640Pics\9-6-22\2,09/06/22,The Moon,My House,37.74552,-122.499027,,,,
Image 11,640Pics\9-6-22\2,09/06/22,The Moon,My House,37.74552,-122.499027,,,,
Image 12,640Pics\9-6-22\2,09/06/22,The Moon,My House,37.74552,-122.499027,,,,
Image 13,640Pics\9-6-22\2,09/06/22,The Moon,My House,37.74552,-122.499027,,,,
Image 14,640Pics\9-6-22\2,09/06/22,The Moon,My House,37.74552,-122.499027,,,,
Image 15,640Pics\9-6-22\2,09/06/22,The Moon,My House,37.74552,-122.499027,,,,
Image 16,640Pics\9-6-22\2,09/06/22,The Moon,My House,37.74552,-122.499027,,,,
Image 17,640Pics\9-6-22\2,09/06/22,The Moon,My House,37.74552,-122.499027,,,,
Image 18,640Pics\9-6-22\2,09/06/22,The Moon,My House,37.74552,-122.499027,,,,
Image 1,640Pics\9-10-22,09/10/22,"Nikon AF 70-210 1:4-5.6D lens test on VT 100 keyboard, distance to lens 43”",My House,37.74552,-122.499027,,,,
Image 2,640Pics\9-10-22,09/10/22,"Nikon AF 70-210 1:4-5.6D lens test on VT 100 keyboard, distance to lens 43”",My House,37.74552,-122.499027,,,,
Image 3,640Pics\9-10-22,09/10/22,"Nikon AF 70-210 1:4-5.6D lens test on VT 100 keyboard, distance to lens 43”",My House,37.74552,-122.499027,,,,
Image 4,640Pics\9-10-22,09/10/22,"Nikon AF 70-210 1:4-5.6D lens test on VT 100 keyboard, distance to lens 43”",My House,37.74552,-122.499027,,,,
Image 5,640Pics\9-10-22,09/10/22,"Nikon AF 70-210 1:4-5.6D lens test on VT 100 keyboard, distance to lens 43”",My House,37.74552,-122.499027,,,,
Image 6,640Pics\9-10-22,09/10/22,"Nikon AF 70-210 1:4-5.6D lens test on VT 100 keyboard, distance to lens 43”",My House,37.74552,-122.499027,,,,
Image 7,640Pics\9-10-22,09/10/22,"Nikon AF 70-210 1:4-5.6D lens test on VT 100 keyboard, distance to lens 43”",My House,37.74552,-122.499027,,,,
Image 8,640Pics\9-10-22,09/10/22,"Nikon AF 70-210 1:4-5.6D lens test on VT 100 keyboard, distance to lens 43”",My House,37.74552,-122.499027,,,,
Image 9,640Pics\9-10-22,09/10/22,"Nikon AF 70-210 1:4-5.6D lens test on VT 100 keyboard, distance to lens 43”",My House,37.74552,-122.499027,,,,
Image 10,640Pics\9-10-22,09/10/22,"Nikon AF 70-210 1:4-5.6D lens test on VT 100 keyboard, distance to lens 43”",My House,37.74552,-122.499027,,,,
Image 11,640Pics\9-10-22,09/10/22,"Nikon AF 70-210 1:4-5.6D lens test on VT 100 keyboard, distance to lens 43”",My House,37.74552,-122.499027,,,,
Image 12,640Pics\9-10-22,09/10/22,"Nikon AF 70-210 1:4-5.6D lens test on VT 100 keyboard, distance to lens 43”",My House,37.74552,-122.499027,,,,
Image 13,640Pics\9-10-22,09/10/22,"Nikon AF 70-210 1:4-5.6D lens test on VT 100 keyboard, distance to lens 43”",My House,37.74552,-122.499027,,,,
Image 14,640Pics\9-10-22,09/10/22,"Nikon AF 70-210 1:4-5.6D lens test on VT 100 keyboard, distance to lens 43”",My House,37.74552,-122.499027,,,,
Image 15,640Pics\9-10-22,09/10/22,"Nikon AF 70-210 1:4-5.6D lens test on VT 100 keyboard, distance to lens 43”",My House,37.74552,-122.499027,,,,
Image 16,640Pics\9-10-22,09/10/22,"Nikon AF 70-210 1:4-5.6D lens test on VT 100 keyboard, distance to lens 43”",My House,37.74552,-122.499027,,,,
